case_name,ga_fitness,ga_time,ga_memory_mb,pyomo_fitness,pyomo_time,comparison
Caso1,27.8699,320.43881702423096,0.457389,150.91000000000003,113.17999999999999,"{'distance': (27.8699, 150.91000000000003), 'gap_percent': 81.53210522828176, 'execution_time': (320.43881702423096, 113.17999999999999), 'memory_usage_mb': (0.457389, None), 'num_vehicles': (1, 8)}"
Caso2,254.3078,200.9390470981598,3.129782,801.62,601.2099999999999,"{'distance': (254.3078, 801.62), 'gap_percent': 68.27576657269032, 'execution_time': (200.9390470981598, 601.2099999999999), 'memory_usage_mb': (3.129782, None), 'num_vehicles': (1, 5)}"
Caso3,254.3078,3.7469968795776367,0.092512,801.62,601.2099999999999,"{'distance': (254.3078, 801.62), 'gap_percent': 68.27576657269032, 'execution_time': (3.7469968795776367, 601.2099999999999), 'memory_usage_mb': (0.092512, None), 'num_vehicles': (1, 5)}"
